2601,mp4moviez.zip
3650,moviezwap.zip
36451,9xflix.zip
37294,tt88.zip
52415,afilmywap.zip
77266,vcloud.zip
108834,lemmy.zip
111326,fastdl.zip
130924,rousi.zip
141640,crowdstrike-hotfix.zip
144156,ebalka.zip
148691,xalaflix.zip
238013,connexionlost.zip
267015,vimeos.zip
283542,pekora.zip
320876,pornrusskoe.zip
376138,ani.zip
385471,piefed.zip
478665,bcdn.zip
499337,bigchungus.zip
524670,imgbb.zip
525242,mbs.zip
549346,crowdstrikefix.zip
555020,animeflv.zip
646565,hetsdb.zip
664863,canaisplay.zip
722321,hotdeal.zip
746040,1tamilrockers.zip
774584,filmix.zip
795517,mangajikan.zip
849357,kedi.zip
898663,smartagro.zip
928331,gas.zip
988920,twilight.zip
